,precision,recall,f1-score,support
0,0.8599177344597876,0.9876317483928504,0.9193605513041387,290421.0
1,0.67172363370499,0.13592233009708737,0.2260947136902656,54075.0
accuracy,0.8539402489433839,0.8539402489433839,0.8539402489433839,0.8539402489433839
macro avg,0.7658206840823888,0.5617770392449689,0.5727276324972022,344496.0
weighted avg,0.8303771998866265,0.8539402489433839,0.8105396936774313,344496.0
