,precision,recall,f1-score,support
0,0.8534542813523649,0.9913194982456502,0.9172353589611252,290421.0
1,0.6479541963412931,0.08580674988441979,0.1515448429028676,54075.0
accuracy,0.8491825739631229,0.8491825739631229,0.8491825739631229,0.8491825739631229
macro avg,0.750704238846829,0.538563124065035,0.5343901009319963,344496.0
weighted avg,0.8211972534130747,0.8491825739631229,0.7970461124797429,344496.0
