,precision,recall,f1-score,support
0,0.8560654704574371,0.9915846305880085,0.918855104440371,290421.0
1,0.6982716049382716,0.10459546925566343,0.18193807800562928,54075.0
accuracy,0.852355324880405,0.852355324880405,0.852355324880405,0.852355324880405
macro avg,0.7771685376978543,0.548090049921836,0.5503965912230001,344496.0
weighted avg,0.8312968134107693,0.852355324880405,0.8031823877630841,344496.0
