,precision,recall,f1-score,support
0,0.8779077073881845,0.9621583838634259,0.9181042625999444,290421.0
1,0.5805983819264234,0.28134997688395746,0.3790281393639682,54075.0
accuracy,0.8552929497004319,0.8552929497004319,0.8552929497004319,0.8552929497004319
macro avg,0.729253044657304,0.6217541803736917,0.6485662009819563,344496.0
weighted avg,0.8312395261194767,0.8552929497004319,0.8334863240346624,344496.0
