,precision,recall,f1-score,support
0,0.8621050403652526,0.9817609608120624,0.9180505223367587,290421.0
1,0.6152113903821008,0.15661581137309294,0.24967202724016455,54075.0
accuracy,0.8522392132274395,0.8522392132274395,0.8522392132274395,0.8522392132274395
macro avg,0.7386582153736767,0.5691883860925777,0.5838612747884616,344496.0
weighted avg,0.8233505290709592,0.8522392132274395,0.8131361920619563,344496.0
