,precision,recall,f1-score,support
0,0.8715063869915067,0.9673921651671195,0.9169493876418704,290421.0
1,0.571919356296899,0.23397133610725843,0.3320865650878644,54075.0
accuracy,0.8522682411406809,0.8522682411406809,0.8522682411406809,0.8522682411406809
macro avg,0.721712871644203,0.600681750637189,0.6245179763648674,344496.0
weighted avg,0.8244806778836771,0.8522682411406809,0.8251443822728447,344496.0
